-- phpMyAdmin SQL Dump
-- version 4.6.5.2
-- https://www.phpmyadmin.net/
--
-- Host: 127.0.0.1
-- Generation Time: Apr 30, 2024 at 10:37 AM
-- Server version: 10.1.21-MariaDB
-- PHP Version: 5.6.30

SET SQL_MODE = "NO_AUTO_VALUE_ON_ZERO";
SET time_zone = "+00:00";


/*!40101 SET @OLD_CHARACTER_SET_CLIENT=@@CHARACTER_SET_CLIENT */;
/*!40101 SET @OLD_CHARACTER_SET_RESULTS=@@CHARACTER_SET_RESULTS */;
/*!40101 SET @OLD_COLLATION_CONNECTION=@@COLLATION_CONNECTION */;
/*!40101 SET NAMES utf8mb4 */;

--
-- Database: `recyloop`
--

-- --------------------------------------------------------

--
-- Table structure for table `company`
--

CREATE TABLE `company` (
  `id` int(11) NOT NULL,
  `nama` varchar(128) NOT NULL,
  `img_logo` varchar(128) NOT NULL,
  `tagline` varchar(128) NOT NULL,
  `lokasi` varchar(256) NOT NULL,
  `deskripsi` varchar(256) NOT NULL
) ENGINE=InnoDB DEFAULT CHARSET=latin1;

-- --------------------------------------------------------

--
-- Table structure for table `member`
--

CREATE TABLE `member` (
  `id` int(11) NOT NULL,
  `nama` varchar(128) NOT NULL,
  `lahir` date NOT NULL,
  `no_telp` varchar(16) NOT NULL,
  `alamat` varchar(128) NOT NULL,
  `poin` int(32) NOT NULL,
  `level` int(1) NOT NULL,
  `is_active` int(1) NOT NULL,
  `role` int(1) NOT NULL
) ENGINE=InnoDB DEFAULT CHARSET=latin1;

-- --------------------------------------------------------

--
-- Table structure for table `poin`
--

CREATE TABLE `poin` (
  `id` int(11) NOT NULL,
  `nama` varchar(128) NOT NULL,
  `total` int(11) NOT NULL
) ENGINE=InnoDB DEFAULT CHARSET=latin1;

-- --------------------------------------------------------

--
-- Table structure for table `sampah`
--

CREATE TABLE `sampah` (
  `id` int(11) NOT NULL,
  `jenis` varchar(64) NOT NULL,
  `nilai_tukar` int(64) NOT NULL,
  `qty` int(11) NOT NULL,
  `berat` int(64) NOT NULL
) ENGINE=InnoDB DEFAULT CHARSET=latin1;

-- --------------------------------------------------------

--
-- Table structure for table `staff`
--

CREATE TABLE `staff` (
  `id` int(11) NOT NULL,
  `nama` varchar(128) NOT NULL,
  `alamat` varchar(256) NOT NULL,
  `no_telp` int(11) NOT NULL,
  `role` int(11) NOT NULL,
  `is_active` int(11) NOT NULL
) ENGINE=InnoDB DEFAULT CHARSET=latin1;

-- --------------------------------------------------------

--
-- Table structure for table `user`
--

CREATE TABLE `user` (
  `id` int(11) NOT NULL,
  `nama` varchar(128) NOT NULL,
  `lahir` date NOT NULL,
  `email` varchar(128) NOT NULL,
  `username` varchar(16) NOT NULL,
  `password` varchar(256) NOT NULL,
  `role_id` int(11) NOT NULL,
  `photo` varchar(128) NOT NULL,
  `no_telp` varchar(13) NOT NULL,
  `alamat` varchar(256) NOT NULL,
  `level` int(11) NOT NULL,
  `poin` int(11) NOT NULL,
  `date_created` int(11) NOT NULL,
  `is_active` int(1) NOT NULL
) ENGINE=InnoDB DEFAULT CHARSET=latin1;

--
-- Dumping data for table `user`
--

INSERT INTO `user` (`id`, `nama`, `lahir`, `email`, `username`, `password`, `role_id`, `photo`, `no_telp`, `alamat`, `level`, `poin`, `date_created`, `is_active`) VALUES
(1, 'Beta', '1999-01-01', 'betara@gmail.com', 'betara', '$2y$10$FLuzN7X92R2TQFttbmiQDOacjuIKMV8NnqPrjLrGdU.ow1DNxVEhu', 3, 'default.jpg', '082161872392', 'Jakarta Selatan', 1, 0, 1712325370, 1),
(2, 'Mohammad Alfi Hamzami', '1999-11-29', 'alfihzm@gmail.com', 'alfihzm', '$2y$10$B4vdInCWbU84dVQz9XPTr.UDJZ/Ex3lQ2Zr76i/vHb/NMoaKLgxPG', 1, 'default.jpg', '082161872392', 'Kabupaten Tangerang', 1, 0, 1712465510, 1),
(3, 'Ferdy Kurniawan', '2004-02-28', 'ferdi@gmail.com', 'ferdiku', '$2y$10$2M6uxQeT8w3x7KOeG9WZJO4H5KisObvJW.UtsISD3v2YkUGszowfu', 2, 'default.jpg', '082887722147', 'Tangerang Selatan', 0, 0, 1714328337, 1);

-- --------------------------------------------------------

--
-- Table structure for table `user_access_menu`
--

CREATE TABLE `user_access_menu` (
  `id` int(11) NOT NULL,
  `role_id` int(11) NOT NULL,
  `menu_id` int(11) NOT NULL
) ENGINE=InnoDB DEFAULT CHARSET=latin1;

--
-- Dumping data for table `user_access_menu`
--

INSERT INTO `user_access_menu` (`id`, `role_id`, `menu_id`) VALUES
(1, 1, 1),
(2, 1, 2),
(3, 1, 3),
(4, 2, 2),
(5, 2, 4),
(6, 3, 3);

-- --------------------------------------------------------

--
-- Table structure for table `user_menu`
--

CREATE TABLE `user_menu` (
  `id` int(11) NOT NULL,
  `menu` varchar(128) NOT NULL
) ENGINE=InnoDB DEFAULT CHARSET=latin1;

--
-- Dumping data for table `user_menu`
--

INSERT INTO `user_menu` (`id`, `menu`) VALUES
(1, 'Dashboard'),
(2, 'Pengaturan User'),
(3, 'Cek Sampah');

-- --------------------------------------------------------

--
-- Table structure for table `user_role`
--

CREATE TABLE `user_role` (
  `id` int(11) NOT NULL,
  `role` varchar(128) NOT NULL
) ENGINE=InnoDB DEFAULT CHARSET=latin1;

--
-- Dumping data for table `user_role`
--

INSERT INTO `user_role` (`id`, `role`) VALUES
(1, 'Operator'),
(2, 'Pegawai'),
(3, 'Member');

-- --------------------------------------------------------

--
-- Table structure for table `user_sub_menu`
--

CREATE TABLE `user_sub_menu` (
  `id` int(11) NOT NULL,
  `menu_id` int(11) NOT NULL,
  `title` varchar(128) NOT NULL,
  `url` varchar(128) NOT NULL,
  `icon` varchar(128) NOT NULL,
  `is_active` int(1) NOT NULL
) ENGINE=InnoDB DEFAULT CHARSET=latin1;

--
-- Dumping data for table `user_sub_menu`
--

INSERT INTO `user_sub_menu` (`id`, `menu_id`, `title`, `url`, `icon`, `is_active`) VALUES
(1, 1, 'Dashboard', 'admin', 'fas fa-fw fa-home', 1),
(2, 2, 'Profil Saya', 'admin/my_profile', 'fas fa-fw fa-user', 1),
(3, 2, 'Ubah Profil', 'admin/edit_profile', 'fas fa-solid fa-user-pen', 1),
(4, 1, 'Tambah Staff', 'admin/add_staff', 'fas fa-fw fa-user-plus', 1),
(5, 3, 'Informasi Staff', 'admin/staff_info', 'fas fa-fw fa-id-badge', 1),
(6, 2, 'Informasi Anggota', 'staff/informasi-anggota', 'fas fa-fw fa-users', 1),
(7, 4, 'Tambah Anggota', 'staff/add_member', 'fas fa-fw fa-person-circle-plus', 1);

--
-- Indexes for dumped tables
--

--
-- Indexes for table `company`
--
ALTER TABLE `company`
  ADD PRIMARY KEY (`id`);

--
-- Indexes for table `member`
--
ALTER TABLE `member`
  ADD PRIMARY KEY (`id`);

--
-- Indexes for table `poin`
--
ALTER TABLE `poin`
  ADD PRIMARY KEY (`id`);

--
-- Indexes for table `user`
--
ALTER TABLE `user`
  ADD PRIMARY KEY (`id`);

--
-- Indexes for table `user_access_menu`
--
ALTER TABLE `user_access_menu`
  ADD PRIMARY KEY (`id`);

--
-- Indexes for table `user_menu`
--
ALTER TABLE `user_menu`
  ADD PRIMARY KEY (`id`);

--
-- Indexes for table `user_role`
--
ALTER TABLE `user_role`
  ADD PRIMARY KEY (`id`);

--
-- Indexes for table `user_sub_menu`
--
ALTER TABLE `user_sub_menu`
  ADD PRIMARY KEY (`id`);

--
-- AUTO_INCREMENT for dumped tables
--

--
-- AUTO_INCREMENT for table `company`
--
ALTER TABLE `company`
  MODIFY `id` int(11) NOT NULL AUTO_INCREMENT;
--
-- AUTO_INCREMENT for table `member`
--
ALTER TABLE `member`
  MODIFY `id` int(11) NOT NULL AUTO_INCREMENT;
--
-- AUTO_INCREMENT for table `poin`
--
ALTER TABLE `poin`
  MODIFY `id` int(11) NOT NULL AUTO_INCREMENT;
--
-- AUTO_INCREMENT for table `user`
--
ALTER TABLE `user`
  MODIFY `id` int(11) NOT NULL AUTO_INCREMENT, AUTO_INCREMENT=4;
--
-- AUTO_INCREMENT for table `user_access_menu`
--
ALTER TABLE `user_access_menu`
  MODIFY `id` int(11) NOT NULL AUTO_INCREMENT, AUTO_INCREMENT=7;
--
-- AUTO_INCREMENT for table `user_menu`
--
ALTER TABLE `user_menu`
  MODIFY `id` int(11) NOT NULL AUTO_INCREMENT, AUTO_INCREMENT=4;
--
-- AUTO_INCREMENT for table `user_role`
--
ALTER TABLE `user_role`
  MODIFY `id` int(11) NOT NULL AUTO_INCREMENT, AUTO_INCREMENT=4;
--
-- AUTO_INCREMENT for table `user_sub_menu`
--
ALTER TABLE `user_sub_menu`
  MODIFY `id` int(11) NOT NULL AUTO_INCREMENT, AUTO_INCREMENT=8;
/*!40101 SET CHARACTER_SET_CLIENT=@OLD_CHARACTER_SET_CLIENT */;
/*!40101 SET CHARACTER_SET_RESULTS=@OLD_CHARACTER_SET_RESULTS */;
/*!40101 SET COLLATION_CONNECTION=@OLD_COLLATION_CONNECTION */;
